"","PERMNO","YEAR","RET","ret"
"1",10000,1986,-0.798780594105747,-0.798780594105747
"2",10000,1987,-0.575758501699314,-0.575758501699314
"3",10001,1986,0.297045157050722,0.297045157050722
"4",10001,1987,-0.0989835270992305,-0.0989835270992305
"5",10001,1988,0.160856032832981,0.160856032832981
"6",10001,1989,0.687744114785769,0.687744114785769
"7",10001,1990,-0.00926449302784038,-0.00926449302784038
"8",10001,1991,0.607307214998098,0.607307214998098
"9",10001,1992,0.0134228794130007,0.0134228794130007
"10",10001,1993,0.371066418858488,0.371066418858488
"11",10001,1994,-0.0904051788187319,-0.0904051788187319
"12",10001,1995,0.229127918263079,0.229127918263079
"13",10001,1996,-0.0912170169749555,-0.0912170169749555
"14",10001,1997,0.164944337478276,0.164944337478276
"15",10001,1998,0.124418900466538,0.124418900466538
"16",10001,1999,-0.0689978664939405,-0.0689978664939405
"17",10001,2000,0.215635903033546,0.215635903033546
"18",10001,2001,0.229368874000882,0.229368874000882
"19",10001,2002,-0.319612599180057,-0.319612599180057
"20",10001,2003,-0.177113189292227,-0.177113189292227
"21",10001,2004,0.159656126440995,0.159656126440995
"22",10001,2005,0.41184034780302,0.41184034780302
"23",10001,2006,0.183099924373145,0.183099924373145
"24",10001,2007,0.337672308930109,0.337672308930109
"25",10001,2008,-0.0753666115371541,-0.0753666115371541
"26",10001,2009,0.324740712580422,0.324740712580422
"27",10001,2010,0.07407207595554,0.07407207595554
"28",10001,2011,0.139600347646555,0.139600347646555
"29",10001,2012,-0.139628720208418,-0.139628720208418
"30",10001,2013,-0.091282093843246,-0.091282093843246
"31",10001,2014,0.444208611175726,0.444208611175726
"32",10001,2015,-0.280755798203516,-0.280755798203516
"33",10001,2016,0.739179235420611,0.739179235420611
"34",10001,2017,0.0562389134335941,0.0562389134335941
"35",10002,1986,0.0531966321888129,0.0531966321888129
"36",10002,1987,-0.191920266986405,-0.191920266986405
"37",10002,1988,-0.162502486682721,-0.162502486682721
"38",10002,1989,-0.268657555101627,-0.268657555101627
"39",10002,1990,-0.183674870261616,-0.183674870261616
"40",10002,1991,0.199999306345164,0.199999306345164
"41",10002,1992,0.500002486539977,0.500002486539977
"42",10002,1993,0.450612936521068,0.450612936521068
"43",10002,1994,0.0399960473949454,0.0399960473949454
"44",10002,1995,0.0926086401216488,0.0926086401216488
"45",10002,1996,-0.0436345135164242,-0.0436345135164242
"46",10002,1997,0.96554439740733,0.96554439740733
"47",10002,1998,-0.0484429956024226,-0.0484429956024226
"48",10002,1999,-0.178736116579016,-0.178736116579016
"49",10002,2000,-0.214740278868236,-0.214740278868236
"50",10002,2001,0.123989869497209,0.123989869497209
"51",10002,2002,0.172122000071073,0.172122000071073
"52",10002,2003,0.493055380497671,0.493055380497671
"53",10002,2004,0.578712646855421,0.578712646855421
"54",10002,2005,-0.16252601765895,-0.16252601765895
"55",10002,2006,0.298435243278151,0.298435243278151
"56",10002,2007,-0.511156856411435,-0.511156856411435
"57",10002,2008,0.288789100271691,0.288789100271691
"58",10002,2009,-0.804083544475837,-0.804083544475837
"59",10002,2010,-0.0696864252672069,-0.0696864252672069
"60",10002,2011,-0.535582659978172,-0.535582659978172
"61",10002,2012,1.24193799104673,1.24193799104673
"62",10002,2013,0.0719446244087474,0.0719446244087474
"63",10003,1986,0.0405338866485661,0.0405338866485661
"64",10003,1987,-0.256075865806208,-0.256075865806208
"65",10003,1988,0.429296075765677,0.429296075765677
"66",10003,1989,-0.531606563052525,-0.531606563052525
"67",10003,1990,-0.70588245074408,-0.70588245074408
"68",10003,1991,-0.524999878788164,-0.524999878788164
"69",10003,1992,2.26316372165364,2.26316372165364
"70",10003,1993,-0.338712170893813,-0.338712170893813
"71",10003,1994,-0.121952328676125,-0.121952328676125
"72",10003,1995,1.4305455854986,1.4305455854986
"73",10004,1986,-0.0517242370690001,-0.0517242370690001
"74",10005,1986,-0.812499843150897,-0.812499843150897
"75",10005,1987,0.499999983927532,0.499999983927532
"76",10005,1988,-0.333333664814814,-0.333333664814814
"77",10005,1989,-0.3333337666666,-0.3333337666666
"78",10005,1990,-0.24999990625,-0.24999990625
"79",10005,1991,2.00000108214285,2.00000108214285
"80",10006,1973,0.282527108229072,0.282527108229072
"81",10006,1974,-0.393634286291592,-0.393634286291592
"82",10006,1975,0.243823919570015,0.243823919570015
"83",10006,1976,0.44426657527405,0.44426657527405
"84",10006,1977,0.0379635798067635,0.0379635798067635
"85",10006,1978,-0.050666501975283,-0.050666501975283
"86",10006,1979,0.188496001823988,0.188496001823988
"87",10006,1980,0.429337780825146,0.429337780825146
"88",10006,1981,-0.0551721410346955,-0.0551721410346955
"89",10006,1982,-0.129062119201418,-0.129062119201418
"90",10006,1983,0.604515859179301,0.604515859179301
"91",10006,1984,0.0854054824695656,0.0854054824695656
"92",10007,1986,-0.548384913582877,-0.548384913582877
"93",10007,1987,-0.821429969443126,-0.821429969443126
"94",10007,1988,0,0
"95",10007,1989,3.97726765184332,3.97726765184332
"96",10007,1990,-0.940639599870721,-0.940639599870721
"97",10008,1986,0.0666640759422557,0.0666640759422557
"98",10008,1987,-0.300003995331672,-0.300003995331672
"99",10008,1988,1.66762922758605,1.66762922758605
"100",10009,1986,-0.0850768125516342,-0.0850768125516342
"101",10009,1987,-0.419638203373419,-0.419638203373419
"102",10009,1988,0.67669436658866,0.67669436658866
"103",10009,1989,-0.322635930190672,-0.322635930190672
"104",10009,1990,-0.0170706534761427,-0.0170706534761427
"105",10009,1991,0.263939160637201,0.263939160637201
"106",10009,1992,0.609921153630562,0.609921153630562
"107",10009,1993,0.477707800921503,0.477707800921503
"108",10009,1994,-0.00389008690511283,-0.00389008690511283
"109",10009,1995,0.656701318968359,0.656701318968359
"110",10009,1996,0.274691967232062,0.274691967232062
"111",10009,1997,0.539113549474178,0.539113549474178
"112",10009,1998,-0.17027828189556,-0.17027828189556
"113",10009,1999,-0.281701334396927,-0.281701334396927
"114",10009,2000,1.27964815249547,1.27964815249547
"115",10010,1986,-0.411769178671751,-0.411769178671751
"116",10010,1987,0.64999153254467,0.64999153254467
"117",10010,1988,0.0909112027012557,0.0909112027012557
"118",10010,1989,0.194447186322252,0.194447186322252
"119",10010,1990,2.62790359497442,2.62790359497442
"120",10010,1991,0.448717346638412,0.448717346638412
"121",10010,1992,-0.159296835852114,-0.159296835852114
"122",10010,1993,-0.415380970749603,-0.415380970749603
"123",10010,1994,-0.022223339354591,-0.022223339354591
"124",10010,1995,0.400005003571456,0.400005003571456
"125",10011,1988,-0.60106400729901,-0.60106400729901
"126",10011,1989,-0.0266702150313689,-0.0266702150313689
"127",10011,1990,0.479452443188692,0.479452443188692
"128",10011,1991,-2.40031322262801e-07,-2.40031322262801e-07
"129",10011,1992,0.370365320160505,0.370365320160505
"130",10011,1993,0.54053401199617,0.54053401199617
"131",10011,1994,1.28069159244815,1.28069159244815
"132",10011,1995,-0.276921292052328,-0.276921292052328
"133",10011,1996,-0.212767365719784,-0.212767365719784
"134",10011,1997,0.256750807552822,0.256750807552822
"135",10011,1998,0.00537698742301296,0.00537698742301296
"136",10012,1986,-0.374999390363297,-0.374999390363297
"137",10012,1987,-0.719999753405102,-0.719999753405102
"138",10012,1988,0.269225700419099,0.269225700419099
"139",10012,1989,-0.212123661974311,-0.212123661974311
"140",10012,1990,-0.538463231388623,-0.538463231388623
"141",10012,1991,-0.249998141086744,-0.249998141086744
"142",10012,1992,2.6666450467738,2.6666450467738
"143",10012,1993,1.48484861357982,1.48484861357982
"144",10012,1994,-0.121953073484519,-0.121953073484519
"145",10012,1995,1.91666795580474,1.91666795580474
"146",10012,1996,-0.804762298188178,-0.804762298188178
"147",10012,1997,2.60974518238082,2.60974518238082
"148",10012,1998,-0.804055361821664,-0.804055361821664
"149",10012,1999,7.86206184358254,7.86206184358254
"150",10012,2000,-0.750974273271752,-0.750974273271752
"151",10012,2001,0.559991894584679,0.559991894584679
"152",10012,2002,-0.557694284547721,-0.557694284547721
"153",10012,2003,0.19565525126513,0.19565525126513
"154",10012,2004,-0.375755542875352,-0.375755542875352
"155",10012,2005,-0.844660131943711,-0.844660131943711
"156",10013,1986,-0.800000292013702,-0.800000292013702
"157",10013,1987,-1.19697112221928e-07,-1.19697112221928e-07
"158",10014,1973,-0.464292847895747,-0.464292847895747
"159",10014,1974,-0.400000355359767,-0.400000355359767
"160",10014,1975,0.666658581484326,0.666658581484326
"161",10014,1976,1.40001017792564,1.40001017792564
"162",10014,1977,0.0833318353856463,0.0833318353856463
"163",10015,1983,0.142856549199644,0.142856549199644
"164",10015,1984,-0.491668233505698,-0.491668233505698
"165",10015,1985,1.65573900239588,1.65573900239588
"166",10015,1986,0.382710784270887,0.382710784270887
"167",10016,1986,0.472952463162,0.472952463162
"168",10016,1987,0.00434224211377399,0.00434224211377399
"169",10016,1988,0.406663899100555,0.406663899100555
"170",10016,1989,-0.107799667653608,-0.107799667653608
"171",10016,1990,-0.346486322720908,-0.346486322720908
"172",10016,1991,-0.00378325446144767,-0.00378325446144767
"173",10016,1992,0.301086554053288,0.301086554053288
"174",10016,1993,-0.165233402345095,-0.165233402345095
"175",10016,1994,-0.550460573858176,-0.550460573858176
"176",10016,1995,0.693868327914171,0.693868327914171
"177",10016,1996,0.156624710222102,0.156624710222102
"178",10016,1997,0.093747696089185,0.093747696089185
"179",10016,1998,0.259534409149592,0.259534409149592
"180",10016,1999,0.141781024338026,0.141781024338026
"181",10016,2000,0.185431958602893,0.185431958602893
"182",10016,2001,0.0154189897490191,0.0154189897490191
"183",10017,1986,-0.257147411164202,-0.257147411164202
"184",10017,1987,0.0461481269748734,0.0461481269748734
"185",10017,1988,0.154411194514211,0.154411194514211
"186",10018,1986,-0.716417679528232,-0.716417679528232
"187",10018,1987,-0.763157595454411,-0.763157595454411
"188",10018,1988,-0.38888894274157,-0.38888894274157
"189",10018,1989,0.63636145499352,0.63636145499352
"190",10018,1990,1.50000133893967,1.50000133893967
"191",10018,1991,0.66667238501433,0.66667238501433
"192",10018,1992,0.70666803502432,0.70666803502432
"193",10018,1993,-0.562499419057905,-0.562499419057905
"194",10018,1994,0.142857385605525,0.142857385605525
"195",10018,1995,-0.890624860307536,-0.890624860307536
"196",10019,1986,-0.156761374240964,-0.156761374240964
"197",10019,1987,-0.246714350245563,-0.246714350245563
"198",10019,1988,0.544982127557854,0.544982127557854
"199",10019,1989,0.250001364287016,0.250001364287016
"200",10019,1990,-0.52727369895899,-0.52727369895899
"201",10019,1991,-0.0576943611736898,-0.0576943611736898
"202",10019,1992,0.367343281769174,0.367343281769174
"203",10019,1993,-0.0746278365327171,-0.0746278365327171
"204",10019,1994,0.22581360311309,0.22581360311309
"205",10019,1995,-0.0263175399304728,-0.0263175399304728
"206",10019,1996,0.702701379399953,0.702701379399953
"207",10019,1997,0.481767728229346,0.481767728229346
"208",10019,1998,-0.701611604037484,-0.701611604037484
"209",10019,1999,1.17566594013659,1.17566594013659
"210",10019,2000,-0.65217597923041,-0.65217597923041
"211",10019,2001,-0.642857395135372,-0.642857395135372
"212",10019,2002,0.0959983114164156,0.0959983114164156
"213",10020,1986,0.413577725980262,0.413577725980262
"214",10020,1987,0.247237896315954,0.247237896315954
"215",10020,1988,-0.164329072447384,-0.164329072447384
"216",10020,1989,-0.0469801956744312,-0.0469801956744312
"217",10020,1990,-0.123726281559678,-0.123726281559678
"218",10020,1991,0.352974735748093,0.352974735748093
"219",10020,1992,0.625020240296715,0.625020240296715
"220",10020,1993,0.0517568885787427,0.0517568885787427
"221",10021,1986,-0.298244783233948,-0.298244783233948
"222",10021,1987,-0.424999947154649,-0.424999947154649
"223",10021,1988,0.0869562566793376,0.0869562566793376
"224",10021,1989,-0.440001725509656,-0.440001725509656
"225",10021,1990,-0.571427948163837,-0.571427948163837
"226",10021,1991,-1.9935915529512e-07,-1.9935915529512e-07
"227",10021,1992,-0.366668343828573,-0.366668343828573
"228",10021,1993,-0.539472394680883,-0.539472394680883
"229",10021,1994,9.74286574725451,9.74286574725451
"230",10021,1995,-0.617021382745989,-0.617021382745989
"231",10021,1996,0,0
"232",10023,1973,-0.331853417225176,-0.331853417225176
"233",10024,1986,0.149999580009304,0.149999580009304
"234",10024,1987,-0.543478926341099,-0.543478926341099
"235",10024,1988,-0.285714192213278,-0.285714192213278
"236",10024,1989,-0.500000494893993,-0.500000494893993
"237",10024,1990,-0.666666084850636,-0.666666084850636
"238",10024,1991,0.199999277426131,0.199999277426131
"239",10024,1992,-0.41666606603515,-0.41666606603515
"240",10025,1986,-0.366333238800705,-0.366333238800705
"241",10025,1987,0.0312477689406241,0.0312477689406241
"242",10025,1988,0.545450043606035,0.545450043606035
"243",10025,1989,0.749990853097871,0.749990853097871
"244",10025,1990,-0.470589569316774,-0.470589569316774
"245",10025,1991,0.777781407309188,0.777781407309188
"246",10025,1992,-0.107143043546845,-0.107143043546845
"247",10025,1993,0.466195948491378,0.466195948491378
"248",10025,1994,0.516984001348824,0.516984001348824
"249",10025,1995,0.201601816459145,0.201601816459145
"250",10025,1996,1.50000369578739,1.50000369578739
"251",10025,1997,-0.438638496029721,-0.438638496029721
"252",10025,1998,-0.295546659951452,-0.295546659951452
"253",10025,1999,0.183904006531433,0.183904006531433
"254",10025,2000,0.735432040497927,0.735432040497927
"255",10025,2001,-0.463829902329052,-0.463829902329052
"256",10025,2002,-0.454506016456414,-0.454506016456414
"257",10025,2003,-0.254858925184373,-0.254858925184373
"258",10025,2004,0.51452975842261,0.51452975842261
"259",10025,2005,0.694916934774467,0.694916934774467
"260",10025,2006,1.1324132704177,1.1324132704177
"261",10025,2007,-0.399552194368227,-0.399552194368227
"262",10025,2008,-0.450793332010186,-0.450793332010186
"263",10025,2009,1.17747200739187,1.17747200739187
"264",10025,2010,-0.322098047566613,-0.322098047566613
"265",10025,2011,0.0847858193696414,0.0847858193696414
"266",10025,2012,1.10408476971976,1.10408476971976
"267",10025,2013,-0.108053703138103,-0.108053703138103
"268",10025,2014,0.100694587206454,0.100694587206454
"269",10025,2015,0.326735486349967,0.326735486349967
"270",10025,2016,0.523537720146999,0.523537720146999
"271",10025,2017,-0.05297194551427,-0.05297194551427
"272",10026,1986,-0.170213310618273,-0.170213310618273
"273",10026,1987,0.487184619145842,0.487184619145842
"274",10026,1988,0.568966646902983,0.568966646902983
"275",10026,1989,0.0879121276561721,0.0879121276561721
"276",10026,1990,-0.363643259517146,-0.363643259517146
"277",10026,1991,0.809526738059401,0.809526738059401
"278",10026,1992,-0.368422496518556,-0.368422496518556
"279",10026,1993,1.29167489156111,1.29167489156111
"280",10026,1994,-0.436367978983004,-0.436367978983004
"281",10026,1995,-0.0537605181592838,-0.0537605181592838
"282",10026,1996,0.227278550899324,0.227278550899324
"283",10026,1997,0.21295760058134,0.21295760058134
"284",10026,1998,0.366410457736299,0.366410457736299
"285",10026,1999,-0.0837994734846911,-0.0837994734846911
"286",10026,2000,-0.179877828284087,-0.179877828284087
"287",10026,2001,0.454277050914876,0.454277050914876
"288",10026,2002,0.460528925163702,0.460528925163702
"289",10026,2003,0.0574074656786456,0.0574074656786456
"290",10026,2004,0.301923987670644,0.301923987670644
"291",10026,2005,0.22352757650845,0.22352757650845
"292",10026,2006,0.40643908686763,0.40643908686763
"293",10026,2007,-0.237085643705508,-0.237085643705508
"294",10026,2008,0.162008346960147,0.162008346960147
"295",10026,2009,0.125758266786125,0.125758266786125
"296",10026,2010,0.21941375910893,0.21941375910893
"297",10026,2011,0.115724708393916,0.115724708393916
"298",10026,2012,0.210640278084449,0.210640278084449
"299",10026,2013,0.400835433621387,0.400835433621387
"300",10026,2014,0.244459610648453,0.244459610648453
"301",10026,2015,0.0872389269267848,0.0872389269267848
"302",10026,2016,0.159438412231507,0.159438412231507
"303",10026,2017,0.152372962430911,0.152372962430911
"304",10027,1986,-0.250001354798765,-0.250001354798765
"305",10027,1987,-0.54545173318661,-0.54545173318661
"306",10027,1988,0.0999917141218232,0.0999917141218232
"307",10027,1989,1.2272822427494,1.2272822427494
"308",10027,1990,0.0816319803180368,0.0816319803180368
"309",10028,1986,-0.555555419475552,-0.555555419475552
"310",10028,1987,0.062501138705384,0.062501138705384
"311",10028,1988,-0.588233813174355,-0.588233813174355
"312",10028,1989,-0.702382032907839,-0.702382032907839
"313",10028,1990,-0.439998998497809,-0.439998998497809
"314",10028,1991,9.85716511602786,9.85716511602786
"315",10028,1992,-0.421055906630837,-0.421055906630837
"316",10028,1993,0.772735368484695,0.772735368484695
"317",10028,1994,-0.0769218115906115,-0.0769218115906115
"318",10028,1995,-0.444445023951697,-0.444445023951697
"319",10028,1996,-0.150000003184573,-0.150000003184573
"320",10028,1997,1.58821841045532,1.58821841045532
"321",10028,1998,0.386371510263413,0.386371510263413
"322",10028,1999,0.573772702250831,0.573772702250831
"323",10028,2000,0.416669044322908,0.416669044322908
"324",10028,2001,-0.600000953840538,-0.600000953840538
"325",10028,2002,-0.68676209529039,-0.68676209529039
"326",10028,2003,1.20656289250931,1.20656289250931
"327",10028,2004,0.199991999006812,0.199991999006812
"328",10028,2005,-0.294328355574272,-0.294328355574272
"329",10028,2006,0.276389139989751,0.276389139989751
"330",10028,2007,1.06692216842231,1.06692216842231
"331",10028,2008,-0.676191427173404,-0.676191427173404
"332",10028,2009,-0.170583017222033,-0.170583017222033
"333",10028,2010,2.03546375373419,2.03546375373419
"334",10028,2011,0.745316673164288,0.745316673164288
"335",10028,2012,-0.160022016235387,-0.160022016235387
"336",10028,2013,-0.589318245289896,-0.589318245289896
"337",10028,2014,-0.452917418674153,-0.452917418674153
"338",10028,2015,-0.729509808975528,-0.729509808975528
"339",10028,2016,2.75759655283001,2.75759655283001
"340",10028,2017,-0.249192768160024,-0.249192768160024
"341",10029,1986,-0.255814085236009,-0.255814085236009
"342",10029,1987,-0.34375209620904,-0.34375209620904
"343",10029,1988,6.63776988929499e-06,6.63776988929499e-06
"344",10029,1989,-0.0952389663720367,-0.0952389663720367
"345",10029,1990,0.368426893513931,0.368426893513931
"346",10031,1983,-0.12244905926161,-0.12244905926161
"347",10031,1984,-0.441862209243164,-0.441862209243164
"348",10031,1985,0.562497581879766,0.562497581879766
"349",10031,1986,-0.0400021266717351,-0.0400021266717351
"350",10031,1987,-0.305555514403744,-0.305555514403744
"351",10031,1988,-0.36000050674142,-0.36000050674142
"352",10031,1989,-0.43749992329553,-0.43749992329553
"353",10032,1986,-0.465839199063736,-0.465839199063736
"354",10032,1987,-0.441862031999145,-0.441862031999145
"355",10032,1988,0.500004544910988,0.500004544910988
"356",10032,1989,0.500007450502043,0.500007450502043
"357",10032,1990,-0.333334809488904,-0.333334809488904
"358",10032,1991,3.22223675428871,3.22223675428871
"359",10032,1992,0.184206480753763,0.184206480753763
"360",10032,1993,0.0166622479826835,0.0166622479826835
"361",10032,1994,-0.442624786630556,-0.442624786630556
"362",10032,1995,0.955885358878445,0.955885358878445
"363",10032,1996,0.00751901170962244,0.00751901170962244
"364",10032,1997,0.776123674795671,0.776123674795671
"365",10032,1998,1.27732294378268,1.27732294378268
"366",10032,1999,0.298900839192091,0.298900839192091
"367",10032,2000,0.381385865837173,0.381385865837173
"368",10032,2001,-0.126053819044661,-0.126053819044661
"369",10032,2002,-0.669428516578544,-0.669428516578544
"370",10032,2003,0.955593461983752,0.955593461983752
"371",10032,2004,-0.242286173807332,-0.242286173807332
"372",10032,2005,0.747887169011622,0.747887169011622
"373",10032,2006,0.0501287016509364,0.0501287016509364
"374",10032,2007,0.0996565149828679,0.0996565149828679
"375",10032,2008,-0.354529843450773,-0.354529843450773
"376",10032,2009,0.680227568852987,0.680227568852987
"377",10032,2010,0.0863735221663546,0.0863735221663546
"378",10032,2011,-0.115061442597011,-0.115061442597011
"379",10032,2012,-0.0577088472846189,-0.0577088472846189
"380",10032,2013,0.67789357138288,0.67789357138288
"381",10032,2014,-0.048045654182351,-0.048045654182351
"382",10032,2015,-0.152632330149116,-0.152632330149116
"383",10032,2016,0.547547136613338,0.547547136613338
"384",10032,2017,0.123612382660587,0.123612382660587
"385",10033,1986,0.934414452493187,0.934414452493187
"386",10034,1986,-0.228571244794258,-0.228571244794258
"387",10034,1987,-0.125924155565227,-0.125924155565227
"388",10034,1988,0.756371459061576,0.756371459061576
"389",10034,1989,-0.0948998897357116,-0.0948998897357116
"390",10034,1990,-0.088064851203894,-0.088064851203894
"391",10034,1991,0.419352506102925,0.419352506102925
"392",10035,1986,-0.694212778805608,-0.694212778805608
"393",10035,1987,-0.283784224518888,-0.283784224518888
"394",10035,1988,2.05660915359773,2.05660915359773
"395",10035,1989,0.197528360589491,0.197528360589491
"396",10035,1990,0.463912140086529,0.463912140086529
"397",10035,1991,0.591542678289877,0.591542678289877
"398",10035,1992,-0.238941901346261,-0.238941901346261
"399",10035,1993,0.209306360990039,0.209306360990039
"400",10035,1994,-0.0865372682561976,-0.0865372682561976
"401",10035,1995,-0.24210666526568,-0.24210666526568
"402",10035,1996,-0.277780531908938,-0.277780531908938
"403",10035,1997,0.173077839964417,0.173077839964417
"404",10035,1998,-0.155739970576056,-0.155739970576056
"405",10035,1999,0.446595795920559,0.446595795920559
"406",10035,2000,-0.67785309126685,-0.67785309126685
"407",10035,2001,0.326675042331328,0.326675042331328
"408",10035,2002,-0.535177251895755,-0.535177251895755
"409",10035,2003,0.10810634648964,0.10810634648964
"410",10036,1986,-0.592593508350207,-0.592593508350207
"411",10036,1987,-0.522728694979926,-0.522728694979926
"412",10036,1988,-0.857143049224893,-0.857143049224893
"413",10036,1989,-1.24999937467507e-06,-1.24999937467507e-06
"414",10036,1990,0.666667,0.666667
"415",10036,1991,0,0
"416",10037,1986,-0.249998200043551,-0.249998200043551
"417",10037,1987,-0.422222554272008,-0.422222554272008
"418",10037,1988,0.0769210102174842,0.0769210102174842
"419",10037,1989,-0.0357134985595614,-0.0357134985595614
"420",10037,1990,-0.592593540992864,-0.592593540992864
"421",10037,1991,1.45453544144598,1.45453544144598
"422",10037,1992,0.268145373583195,0.268145373583195
"423",10037,1993,0.137518505172959,0.137518505172959
"424",10037,1994,0.0741849451336036,0.0741849451336036
"425",10037,1995,0.604423225482281,0.604423225482281
"426",10037,1996,-0.0308498531436187,-0.0308498531436187
"427",10037,1997,0.636645601574409,0.636645601574409
"428",10037,1998,-0.356236470262872,-0.356236470262872
"429",10037,1999,-0.0942379113413535,-0.0942379113413535
"430",10037,2000,0.256618488081342,0.256618488081342
"431",10037,2001,0.543553192919395,0.543553192919395
"432",10037,2002,0.0547854286162184,0.0547854286162184
"433",10037,2003,0.203093935776433,0.203093935776433
"434",10037,2004,-0.0614990245036036,-0.0614990245036036
"435",10038,1986,0.00854732775432421,0.00854732775432421
"436",10038,1987,-0.135596430301875,-0.135596430301875
"437",10038,1988,-0.333338633587339,-0.333338633587339
"438",10038,1989,-0.499997735614887,-0.499997735614887
"439",10038,1990,-0.205881439795299,-0.205881439795299
"440",10038,1991,0.037037,0.037037
"441",10039,1986,-0.0124968607368631,-0.0124968607368631
"442",10039,1987,-0.721519347297584,-0.721519347297584
"443",10039,1988,0.0454547886822696,0.0454547886822696
"444",10039,1989,-0.108695239711997,-0.108695239711997
"445",10039,1990,-0.0243879086700708,-0.0243879086700708
"446",10039,1991,0.149999525040784,0.149999525040784
"447",10039,1992,0.217393530405712,0.217393530405712
"448",10039,1993,3.14287714408819,3.14287714408819
"449",10039,1994,-0.551722658040513,-0.551722658040513
"450",10039,1995,-0.076921797394423,-0.076921797394423
"451",10039,1996,0.177085305805699,0.177085305805699
"452",10039,1997,0.415928015589618,0.415928015589618
"453",10039,1998,0.800005098919722,0.800005098919722
"454",10039,1999,1.99999926007962,1.99999926007962
"455",10039,2000,-0.259258652842745,-0.259258652842745
"456",10039,2001,-0.986000057509214,-0.986000057509214
"457",10040,1986,0.107166229944834,0.107166229944834
"458",10040,1987,-0.773706708629973,-0.773706708629973
"459",10040,1988,-0.31817897679227,-0.31817897679227
"460",10040,1989,-0.466666218132339,-0.466666218132339
"461",10041,1986,-0.568181122279328,-0.568181122279328
"462",10041,1987,-0.65789517389838,-0.65789517389838
"463",10041,1988,4.53421943547028e-07,4.53421943547028e-07
"464",10041,1989,-0.615384479661519,-0.615384479661519
"465",10041,1990,-0.4,-0.4
"466",10042,1986,-0.342856576888913,-0.342856576888913
"467",10042,1987,-0.282610791779913,-0.282610791779913
"468",10042,1988,1.06060374818926,1.06060374818926
"469",10042,1989,0.249995303116948,0.249995303116948
"470",10042,1990,-0.505881319736145,-0.505881319736145
"471",10042,1991,1.23810205260244,1.23810205260244
"472",10042,1992,-0.404256582292801,-0.404256582292801
"473",10042,1993,1.32143677355141,1.32143677355141
"474",10042,1994,-0.615384171135239,-0.615384171135239
"475",10042,1995,0.559995874900336,0.559995874900336
"476",10042,1996,0.0769259959315305,0.0769259959315305
"477",10042,1997,-0.571426810739317,-0.571426810739317
"478",10042,1998,-0.777778062901898,-0.777778062901898
"479",10042,1999,0.250001356328485,0.250001356328485
"480",10042,2000,-0.200000956081053,-0.200000956081053
"481",10042,2001,0.0299944929137523,0.0299944929137523
"482",10042,2002,0.0873756319499261,0.0873756319499261
"483",10042,2003,2.38393739924824,2.38393739924824
"484",10042,2004,-0.662268989330538,-0.662268989330538
"485",10042,2005,-0.429689252929555,-0.429689252929555
"486",10042,2006,0.150678798589582,0.150678798589582
"487",10042,2007,-0.547619695805765,-0.547619695805765
"488",10042,2008,0.105263173714016,0.105263173714016
"489",10043,1986,0.0336168315468608,0.0336168315468608
"490",10043,1987,0.239269597682435,0.239269597682435
"491",10043,1988,0.102519202828555,0.102519202828555
"492",10043,1989,-0.118467679924046,-0.118467679924046
"493",10043,1990,-0.212389804879636,-0.212389804879636
"494",10043,1991,-0.112303969723973,-0.112303969723973
"495",10043,1992,0.310796956711988,0.310796956711988
"496",10043,1993,0.623842478341597,0.623842478341597
"497",10043,1994,-0.118633824611272,-0.118633824611272
"498",10043,1995,-0.0543754373868802,-0.0543754373868802
"499",10043,1996,0.0298552646149364,0.0298552646149364
"500",10043,1997,0.980503126792796,0.980503126792796
"501",10043,1998,0.0769631385340075,0.0769631385340075
"502",10043,1999,0.293750651451691,0.293750651451691
"503",10044,1986,-0.274512281830777,-0.274512281830777
"504",10044,1987,-0.540541692302454,-0.540541692302454
"505",10044,1988,-0.098129297448961,-0.098129297448961
"506",10044,1989,0.826084093709476,0.826084093709476
"507",10044,1990,-0.29761917093614,-0.29761917093614
"508",10044,1991,0.338987264579797,0.338987264579797
"509",10044,1992,0.113925783686683,0.113925783686683
"510",10044,1993,1.40906848938243,1.40906848938243
"511",10044,1994,0.0188706068926836,0.0188706068926836
"512",10044,1995,-0.111113434059144,-0.111113434059144
"513",10044,1996,-0.52083330576642,-0.52083330576642
"514",10044,1997,-0.04347694957944,-0.04347694957944
"515",10044,1998,-0.0454508619204569,-0.0454508619204569
"516",10044,1999,4.73599737205177e-07,4.73599737205177e-07
"517",10044,2000,-0.345239818048296,-0.345239818048296
"518",10044,2001,3.14548816215544,3.14548816215544
"519",10044,2002,-0.239392074536181,-0.239392074536181
"520",10044,2003,0.590980976148626,0.590980976148626
"521",10044,2004,0.940811590062684,0.940811590062684
"522",10044,2005,0.580854183562408,0.580854183562408
"523",10044,2006,-0.0760304972906479,-0.0760304972906479
"524",10044,2007,0.162317224060728,0.162317224060728
"525",10044,2008,-0.650892759675078,-0.650892759675078
"526",10044,2009,0.608643338762471,0.608643338762471
"527",10044,2010,0.243514063396828,0.243514063396828
"528",10044,2011,-0.0775159720906986,-0.0775159720906986
"529",10044,2012,0.28728555985672,0.28728555985672
"530",10044,2013,0.137964040486438,0.137964040486438
"531",10044,2014,0.171625244687115,0.171625244687115
"532",10044,2015,-0.148902197539567,-0.148902197539567
"533",10044,2016,-0.00693036713152417,-0.00693036713152417
"534",10044,2017,0.204344583818189,0.204344583818189
"535",10045,1986,-0.370370365589195,-0.370370365589195
"536",10045,1987,-0.764706434900265,-0.764706434900265
"537",10046,1986,-0.573769519358125,-0.573769519358125
"538",10046,1987,1.07084163358806e-06,1.07084163358806e-06
"539",10046,1988,0.69230343527852,0.69230343527852
"540",10046,1989,-0.0454509146537482,-0.0454509146537482
"541",10046,1990,-0.690476533384591,-0.690476533384591
"542",10046,1991,-0.0384588104112256,-0.0384588104112256
"543",10046,1992,0.3599958240784,0.3599958240784
"544",10046,1993,0.0588144723472368,0.0588144723472368
"545",10046,1994,-0.611112338488867,-0.611112338488867
"546",10046,1995,-0.250001034312435,-0.250001034312435
"547",10047,1986,-0.558279418968354,-0.558279418968354
"548",10047,1987,-0.41666839425041,-0.41666839425041
"549",10047,1988,-0.630952567261299,-0.630952567261299
"550",10047,1989,0.741933848023102,0.741933848023102
"551",10047,1990,-0.592593201908286,-0.592593201908286
"552",10047,1991,0.454543739092335,0.454543739092335
"553",10047,1992,-0.688039301346747,-0.688039301346747
"554",10047,1993,-0.6956283990461,-0.6956283990461
"555",10047,1994,-0.666668493690174,-0.666668493690174
"556",10047,1995,-0.416666250089013,-0.416666250089013
"557",10048,1986,0.230768169815374,0.230768169815374
"558",10048,1987,0.775005363145107,0.775005363145107
"559",10048,1988,0.0668992221836258,0.0668992221836258
"560",10048,1989,0.544558428985125,0.544558428985125
"561",10048,1990,-0.4519215939612,-0.4519215939612
"562",10048,1991,0.954289666277254,0.954289666277254
"563",10048,1992,-0.178061128472572,-0.178061128472572
"564",10048,1993,0.348456604377809,0.348456604377809
"565",10048,1994,-0.347828688909598,-0.347828688909598
"566",10048,1995,0.0666697429284138,0.0666697429284138
"567",10048,1996,-0.289063263595023,-0.289063263595023
"568",10048,1997,0.714264818029303,0.714264818029303
"569",10048,1998,2.25320493078484,2.25320493078484
"570",10048,1999,0.395075122928154,0.395075122928154
"571",10050,1973,-0.414028082968057,-0.414028082968057
"572",10050,1974,-0.350431311595731,-0.350431311595731
"573",10050,1975,0.424530155132926,0.424530155132926
"574",10050,1976,0.4609812912164,0.4609812912164
"575",10050,1977,1.16724842887007,1.16724842887007
"576",10050,1978,-0.140320224834551,-0.140320224834551
"577",10050,1979,0,0
"578",10051,1986,0.656253043316809,0.656253043316809
"579",10051,1987,-0.698113918717574,-0.698113918717574
"580",10051,1988,1.56549943874928e-06,1.56549943874928e-06
"581",10051,1989,-0.437499441125789,-0.437499441125789
"582",10051,1990,1.88889240730368,1.88889240730368
"583",10051,1991,0.576925262675013,0.576925262675013
"584",10051,1992,-0.195124098698671,-0.195124098698671
"585",10051,1993,-0.242425390504331,-0.242425390504331
"586",10051,1994,-0.519998285947054,-0.519998285947054
"587",10051,1995,-0.0833330076999879,-0.0833330076999879
"588",10051,1996,1.36362552214979,1.36362552214979
"589",10051,1997,0.980769361336535,0.980769361336535
"590",10051,1998,0.74757507455731,0.74757507455731
"591",10051,1999,-0.555554972017914,-0.555554972017914
"592",10051,2000,-0.86874906994292,-0.86874906994292
"593",10051,2001,3.57142097877948,3.57142097877948
"594",10051,2002,1.19166838311581,1.19166838311581
"595",10051,2003,0.184038079287457,0.184038079287457
"596",10051,2004,-0.479767859945531,-0.479767859945531
"597",10051,2005,-0.295061195428912,-0.295061195428912
"598",10051,2006,0.318741224069784,0.318741224069784
"599",10051,2007,0.462156355650783,0.462156355650783
"600",10051,2008,0.317888947680051,0.317888947680051
"601",10051,2009,-0.0468733836614915,-0.0468733836614915
"602",10051,2010,0.53217586978818,0.53217586978818
"603",10051,2011,-0.117980904849422,-0.117980904849422
"604",10051,2012,0.463871477471503,0.463871477471503
"605",10051,2013,0.437874252926422,0.437874252926422
"606",10051,2014,-0.443310666103713,-0.443310666103713
"607",10051,2015,-0.248861312893511,-0.248861312893511
"608",10051,2016,-0.217021079422033,-0.217021079422033
"609",10052,1986,0.178565920740123,0.178565920740123
"610",10052,1987,-0.242421053918734,-0.242421053918734
"611",10052,1988,0.459999127820786,0.459999127820786
"612",10053,1986,-0.083333925605542,-0.083333925605542
"613",10053,1987,-0.309090637452696,-0.309090637452696
"614",10053,1988,0.0789485732930875,0.0789485732930875
"615",10053,1989,-0.439023583727935,-0.439023583727935
"616",10053,1990,-0.130434812008486,-0.130434812008486
"617",10054,1986,-0.562499498053631,-0.562499498053631
"618",10054,1987,0,0
"619",10055,1986,-0.833333514492456,-0.833333514492456
"620",10055,1987,-0.250000025900437,-0.250000025900437
"621",10055,1988,0.666675809544042,0.666675809544042
"622",10055,1989,-0.599997994281469,-0.599997994281469
"623",10055,1990,0.919997324612998,0.919997324612998
"624",10055,1991,0.041676998901129,0.041676998901129
"625",10055,1992,-0.760001932806344,-0.760001932806344
"626",10055,1993,-0.375001811305728,-0.375001811305728
"627",10055,1994,-0.833333431513221,-0.833333431513221
"628",10055,1995,-0.800000496666807,-0.800000496666807
"629",10056,1986,-0.179896476434459,-0.179896476434459
"630",10056,1987,0.330768076860869,0.330768076860869
"631",10056,1988,-0.136645340662806,-0.136645340662806
"632",10056,1989,-0.321821734543636,-0.321821734543636
"633",10056,1990,-0.71061586397065,-0.71061586397065
"634",10056,1991,0.806453118512398,0.806453118512398
"635",10056,1992,-0.0535683531077458,-0.0535683531077458
"636",10056,1993,0.283012628176668,0.283012628176668
"637",10056,1994,0.0776213714177301,0.0776213714177301
"638",10056,1995,0.563856859134182,0.563856859134182
"639",10056,1996,0.433275045243525,0.433275045243525
"640",10056,1997,0.365797795404263,0.365797795404263
"641",10056,1998,-0.0628094542597267,-0.0628094542597267
"642",10056,1999,0.13253821753683,0.13253821753683
"643",10056,2000,-0.156213576126666,-0.156213576126666
"644",10056,2001,0.434668261796122,0.434668261796122
"645",10056,2002,0.398247787315917,0.398247787315917
"646",10056,2003,0.494180224239342,0.494180224239342
"647",10056,2004,0.111558960810918,0.111558960810918
"648",10056,2005,-0.0115128041030192,-0.0115128041030192
"649",10056,2006,0.383160882019384,0.383160882019384
"650",10057,1973,-0.219668788255984,-0.219668788255984
"651",10057,1974,-0.354797883496213,-0.354797883496213
"652",10057,1975,0.133878318458306,0.133878318458306
"653",10057,1976,0.274183011294004,0.274183011294004
"654",10057,1977,0.3893864855453,0.3893864855453
"655",10057,1978,0.563351728476555,0.563351728476555
"656",10057,1979,0.47935485030725,0.47935485030725
"657",10057,1980,0.0308278561968311,0.0308278561968311
"658",10057,1981,-0.120024841461835,-0.120024841461835
"659",10057,1982,-0.0802815194694722,-0.0802815194694722
"660",10057,1983,0.440101644611203,0.440101644611203
"661",10057,1984,-0.473459204790198,-0.473459204790198
"662",10057,1985,-0.0121579043144933,-0.0121579043144933
"663",10057,1986,-0.141438506314014,-0.141438506314014
"664",10057,1987,0.207525566026726,0.207525566026726
"665",10057,1988,-0.186512003258787,-0.186512003258787
"666",10057,1989,0.189004587655184,0.189004587655184
"667",10057,1990,-0.539979322787863,-0.539979322787863
"668",10057,1991,0.630676242591672,0.630676242591672
"669",10057,1992,0.195911343210669,0.195911343210669
"670",10057,1993,0.201789831907439,0.201789831907439
"671",10057,1994,0.145509745589323,0.145509745589323
"672",10057,1995,0.827947126081363,0.827947126081363
"673",10057,1996,0.618041017322159,0.618041017322159
"674",10058,1973,-0.764916905302502,-0.764916905302502
"675",10058,1974,-0.499999306530849,-0.499999306530849
"676",10058,1975,0,0
"677",10058,1976,1.27272465398226,1.27272465398226
"678",10058,1977,0.159998245001191,0.159998245001191
"679",10058,1978,-0.448276080161736,-0.448276080161736
"680",10058,1979,0.249999739087139,0.249999739087139
"681",10058,1980,-0.1000004745592,-0.1000004745592
"682",10058,1981,-0.583333345128479,-0.583333345128479
"683",10058,1982,-0.133332649999992,-0.133332649999992
"684",10058,1983,-2.13186629527407e-06,-2.13186629527407e-06
"685",10058,1984,-0.153845765567746,-0.153845765567746
"686",10059,1986,0.0470361262828263,0.0470361262828263
"687",10059,1987,0.242993646063641,0.242993646063641
"688",10059,1988,-0.346844626518448,-0.346844626518448
"689",10059,1989,1.09528829113253,1.09528829113253
"690",10059,1990,-0.377494246579568,-0.377494246579568
"691",10059,1991,0.0662614357085165,0.0662614357085165
"692",10059,1992,-0.348965226775504,-0.348965226775504
"693",10059,1993,3.60169715788452,3.60169715788452
"694",10059,1994,-0.374997850996268,-0.374997850996268
"695",10060,1986,-0.0192001354202419,-0.0192001354202419
"696",10060,1987,0.322701060113401,0.322701060113401
"697",10060,1988,-0.348230227531308,-0.348230227531308
"698",10060,1989,1.06036847612326,1.06036847612326
"699",10060,1990,-0.327828951780792,-0.327828951780792
"700",10060,1991,0.0812747327246246,0.0812747327246246
"701",10060,1992,-0.348267614814832,-0.348267614814832
"702",10060,1993,2.80744030039124,2.80744030039124
"703",10060,1994,-0.0346977303727232,-0.0346977303727232
"704",10060,1995,-0.511211546257993,-0.511211546257993
"705",10060,1996,0.0244792740670099,0.0244792740670099
"706",10060,1997,-0.314988774651477,-0.314988774651477
"707",10060,1998,0.0440028048455297,0.0440028048455297
"708",10061,1986,-0.284771666525473,-0.284771666525473
"709",10061,1987,0.384422088250477,0.384422088250477
"710",10061,1988,-0.121166014941363,-0.121166014941363
"711",10061,1989,-0.758064008046285,-0.758064008046285
"712",10061,1990,-0.96666661036371,-0.96666661036371
"713",10062,1986,-0.390244236231881,-0.390244236231881
"714",10062,1987,0.379996861879763,0.379996861879763
"715",10062,1988,-0.101445800629985,-0.101445800629985
"716",10062,1989,0.500004403559498,0.500004403559498
"717",10062,1990,-0.65591559452005,-0.65591559452005
"718",10062,1991,-0.437499226752884,-0.437499226752884
"719",10062,1992,1.2222183909011,1.2222183909011
"720",10062,1993,-0.324997160035516,-0.324997160035516
"721",10062,1994,-0.0185211480871381,-0.0185211480871381
"722",10062,1995,-0.0943414064330315,-0.0943414064330315
"723",10062,1996,-0.104169706250998,-0.104169706250998
"724",10062,1997,0.116277492221291,0.116277492221291
"725",10062,1998,-0.755709733012317,-0.755709733012317
"726",10062,1999,-0.743902800654973,-0.743902800654973
"727",10063,1986,0.999999825373789,0.999999825373789
"728",10063,1987,-0.607844023924757,-0.607844023924757
"729",10063,1988,0.199995762643308,0.199995762643308
"730",10063,1989,-0.0470489964649419,-0.0470489964649419
"731",10063,1990,-0.714286364681129,-0.714286364681129
"732",10063,1991,0.916675548629211,0.916675548629211
"733",10063,1992,0.391301661099895,0.391301661099895
"734",10063,1993,-0.500000306915926,-0.500000306915926
"735",10064,1986,0.25772906383064,0.25772906383064
"736",10064,1987,0.131147394341553,0.131147394341553
"737",10064,1988,0.429959013029849,0.429959013029849
"738",10064,1989,0.806124564436049,0.806124564436049
"739",10064,1990,-0.52542285634555,-0.52542285634555
"740",10064,1991,2.23812117648164,2.23812117648164
"741",10064,1992,-0.230684881114587,-0.230684881114587
"742",10064,1993,-0.351952450617319,-0.351952450617319
"743",10064,1994,-0.328365546385428,-0.328365546385428
"744",10064,1995,-0.199997925426923,-0.199997925426923
"745",10064,1996,1.6111201936206,1.6111201936206
"746",10064,1997,2.8480315799051e-06,2.8480315799051e-06
"747",10065,1973,-0.0439921756528472,-0.0439921756528472
"748",10065,1974,-0.310094710241405,-0.310094710241405
"749",10065,1975,0.392202210195979,0.392202210195979
"750",10065,1976,0.353484615360746,0.353484615360746
"751",10065,1977,0.109371351001846,0.109371351001846
"752",10065,1978,-0.0216906305428366,-0.0216906305428366
"753",10065,1979,0.257453215080766,0.257453215080766
"754",10065,1980,0.426009027375652,0.426009027375652
"755",10065,1981,0.0568673637554824,0.0568673637554824
"756",10065,1982,0.346548801513318,0.346548801513318
"757",10065,1983,0.140309753766641,0.140309753766641
"758",10065,1984,0.0500584396739849,0.0500584396739849
"759",10065,1985,0.307199348826381,0.307199348826381
"760",10065,1986,0.228524041880969,0.228524041880969
"761",10065,1987,-0.0683994946494817,-0.0683994946494817
"762",10065,1988,0.112425295760128,0.112425295760128
"763",10065,1989,0.20386487012783,0.20386487012783
"764",10065,1990,0.05681014044234,0.05681014044234
"765",10065,1991,0.405716167376113,0.405716167376113
"766",10065,1992,0.140006418189766,0.140006418189766
"767",10065,1993,-0.0274087006723847,-0.0274087006723847
"768",10065,1994,-0.0395257866163897,-0.0395257866163897
"769",10065,1995,0.295152064228365,0.295152064228365
"770",10065,1996,0.162366661737503,0.162366661737503
"771",10065,1997,0.253861377517871,0.253861377517871
"772",10065,1998,0.19331723764125,0.19331723764125
"773",10065,1999,0.358126212811808,0.358126212811808
"774",10065,2000,0.0164167243451601,0.0164167243451601
"775",10065,2001,-0.247314655172331,-0.247314655172331
"776",10065,2002,-0.207655758366681,-0.207655758366681
"777",10065,2003,0.252629142173949,0.252629142173949
"778",10065,2004,0.13057742956027,0.13057742956027
"779",10065,2005,0.0220748834230111,0.0220748834230111
"780",10065,2006,0.179551633469049,0.179551633469049
"781",10065,2007,0.0955588475438394,0.0955588475438394
"782",10065,2008,-0.386478110589657,-0.386478110589657
"783",10065,2009,0.318882363972287,0.318882363972287
"784",10065,2010,0.116321429083939,0.116321429083939
"785",10065,2011,-0.0415021661961624,-0.0415021661961624
"786",10065,2012,0.170740123054525,0.170740123054525
"787",10065,2013,0.318857951978426,0.318857951978426
"788",10065,2014,0.1382174698687,0.1382174698687
"789",10065,2015,0.00500640335259361,0.00500640335259361
"790",10065,2016,0.0703022392582193,0.0703022392582193
"791",10065,2017,0.295518259035533,0.295518259035533
"792",10066,1983,-0.378379263602553,-0.378379263602553
"793",10066,1984,-0.369566459855996,-0.369566459855996
"794",10066,1985,-0.465516428624867,-0.465516428624867
"795",10066,1986,0.0322568600430251,0.0322568600430251
"796",10066,1987,-0.781249056103365,-0.781249056103365
"797",10066,1988,0.285714439755923,0.285714439755923
"798",10066,1989,-0.666666375247925,-0.666666375247925
"799",10066,1990,0,0
"800",10066,1991,0,0
"801",10066,1992,0,0
"802",10066,1993,0,0
"803",10066,1994,0,0
"804",10066,1995,0,0
"805",10066,1996,0,0
"806",10066,1997,0,0
"807",10066,1998,0,0
"808",10066,1999,-0.36507909623834,-0.36507909623834
"809",10066,2000,-0.825000450686647,-0.825000450686647
"810",10066,2001,-0.885714591643926,-0.885714591643926
"811",10066,2002,-1.19999998338116e-06,-1.19999998338116e-06
"812",10066,2008,0,0
"813",10067,1986,-0.012049610023537,-0.012049610023537
"814",10067,1987,0.402439535305294,0.402439535305294
"815",10068,1986,-0.414634279407847,-0.414634279407847
"816",10068,1988,0,0
"817",10069,1986,-0.480002220149234,-0.480002220149234
"818",10069,1987,-0.0512815593304049,-0.0512815593304049
"819",10070,1986,0.411762643084514,0.411762643084514
"820",10070,1987,-0.819445995498277,-0.819445995498277
"821",10070,1988,-0.653845787410506,-0.653845787410506
"822",10070,1989,0.333334703835842,0.333334703835842
"823",10070,1990,-0.708334088675225,-0.708334088675225
"824",10071,1986,-0.0449901074885767,-0.0449901074885767
"825",10071,1987,-0.485801141985334,-0.485801141985334
"826",10071,1988,0.169713820757341,0.169713820757341
"827",10071,1989,0.0523585713222194,0.0523585713222194
"828",10071,1990,-0.20085885279552,-0.20085885279552
"829",10071,1991,1.73961315343817,1.73961315343817
"830",10071,1992,-0.0894502058290512,-0.0894502058290512
"831",10071,1993,0.272710411143247,0.272710411143247
"832",10071,1994,0.251224747794536,0.251224747794536
"833",10071,1995,0.416140666801396,0.416140666801396
"834",10071,1996,0.746502904375684,0.746502904375684
"835",10071,1997,0.766413614323592,0.766413614323592
"836",10072,1986,0.0454534298419287,0.0454534298419287
"837",10072,1987,-0.86956523444814,-0.86956523444814
"838",10072,1988,3.08332039622589,3.08332039622589
"839",10072,1989,-0.346938796352208,-0.346938796352208
"840",10072,1990,-0.656250060611043,-0.656250060611043
"841",10072,1991,0.0909089999999999,0.0909089999999999
"842",10072,1992,0.333333061159491,0.333333061159491
"843",10074,1982,-0.51428665827368,-0.51428665827368
"844",10074,1983,1.30307104901197,1.30307104901197
"845",10074,1984,0.470721599374146,0.470721599374146
"846",10074,1985,0.967877015000774,0.967877015000774
"847",10074,1986,0.493262953298715,0.493262953298715
"848",10074,1987,-0.301630723008312,-0.301630723008312
"849",10074,1988,0.558518939297452,0.558518939297452
"850",10074,1989,0.218949034471141,0.218949034471141
"851",10074,1990,-0.228078862984946,-0.228078862984946
"852",10074,1991,0.99328380838533,0.99328380838533
"853",10074,1992,0.407931562232898,0.407931562232898
"854",10074,1993,0.631707027147006,0.631707027147006
"855",10074,1994,0.0835707085286665,0.0835707085286665
"856",10074,1995,-0.328204331923144,-0.328204331923144
"857",10074,1996,-0.854839191920135,-0.854839191920135
"858",10075,1986,0.136966890617212,0.136966890617212
"859",10075,1987,0.132562611309143,0.132562611309143
"860",10075,1988,0.21998876339105,0.21998876339105
"861",10075,1989,-0.150338101013965,-0.150338101013965
"862",10075,1990,0.108276973721747,0.108276973721747
"863",10075,1991,0.422970776321863,0.422970776321863
"864",10075,1992,0.425332634783006,0.425332634783006
"865",10075,1993,-0.0738312630511374,-0.0738312630511374
"866",10075,1994,-0.270181822470738,-0.270181822470738
"867",10075,1995,0.592984306193357,0.592984306193357
"868",10075,1996,0.252337398928813,0.252337398928813
"869",10075,1997,0.686564563273705,0.686564563273705
"870",10075,1998,-0.384957278773222,-0.384957278773222
"871",10075,1999,1.15107062364421,1.15107062364421
"872",10076,1986,-0.255814440428217,-0.255814440428217
"873",10076,1987,-0.609374389311348,-0.609374389311348
"874",10076,1988,-0.560000953009431,-0.560000953009431
"875",10076,1989,0.000376816174975092,0.000376816174975092
"876",10076,1990,-0.636363600000052,-0.636363600000052
"877",10077,1986,-0.254127689815618,-0.254127689815618
"878",10077,1987,-0.164379276689658,-0.164379276689658
"879",10077,1988,-0.113634307913572,-0.113634307913572
"880",10077,1989,-0.21795226168223,-0.21795226168223
"881",10077,1990,-0.344262063292171,-0.344262063292171
"882",10077,1991,-0.774999325860211,-0.774999325860211
"883",10077,1992,-0.111116255614602,-0.111116255614602
"884",10077,1993,-0.937499842890906,-0.937499842890906
"885",10077,1994,1.0000020000005,1.0000020000005
"886",10078,1986,0.517791265188519,0.517791265188519
"887",10078,1987,0.395831180858343,0.395831180858343
"888",10078,1988,-0.00745962158390634,-0.00745962158390634
"889",10078,1989,0.0375946839729313,0.0375946839729313
"890",10078,1990,0.239132947484126,0.239132947484126
"891",10078,1991,0.327481343989434,0.327481343989434
"892",10078,1992,0.185020257896622,0.185020257896622
"893",10078,1993,-0.133828010175735,-0.133828010175735
"894",10078,1994,0.218879607840125,0.218879607840125
"895",10078,1995,1.57040860695129,1.57040860695129
"896",10078,1996,0.126030984694596,0.126030984694596
"897",10078,1997,0.552315599017743,0.552315599017743
"898",10078,1998,1.1473408155266,1.1473408155266
"899",10078,1999,2.61753683265598,2.61753683265598
"900",10078,2000,-0.280065576049735,-0.280065576049735
"901",10078,2001,-0.558744808127429,-0.558744808127429
"902",10078,2002,-0.747154065301366,-0.747154065301366
"903",10078,2003,0.437313544397574,0.437313544397574
"904",10078,2004,0.205832591201613,0.205832591201613
"905",10078,2005,-0.222634148670468,-0.222634148670468
"906",10078,2006,0.293555755151322,0.293555755151322
"907",10078,2007,-0.163750347404513,-0.163750347404513
"908",10078,2008,-0.789299142909707,-0.789299142909707
"909",10078,2009,1.45286160016907,1.45286160016907
"910",10078,2010,0.0128058716808295,0.0128058716808295
"911",10079,1986,-0.495796280177029,-0.495796280177029
"912",10079,1987,0.100003895258404,0.100003895258404
"913",10079,1988,-0.499997483342149,-0.499997483342149
"914",10079,1989,-4.2792849044293e-06,-4.2792849044293e-06
"915",10079,1990,-0.0303121358011547,-0.0303121358011547
"916",10079,1991,2.6249850036079,2.6249850036079
"917",10079,1992,0.81035064046202,0.81035064046202
"918",10079,1993,-0.523805919665718,-0.523805919665718
"919",10079,1994,-0.430000036480791,-0.430000036480791
"920",10079,1995,0.210527970037159,0.210527970037159
"921",10080,1986,-0.485942479705142,-0.485942479705142
"922",10080,1987,-0.499998694079149,-0.499998694079149
"923",10080,1988,0.0312477425769786,0.0312477425769786
"924",10080,1989,0.12121618856325,0.12121618856325
"925",10080,1990,0.0810769545823329,0.0810769545823329
"926",10080,1991,-7.85571424288811e-06,-7.85571424288811e-06
"927",10080,1992,0.0249973678273292,0.0249973678273292
"928",10080,1993,-0.121955227195018,-0.121955227195018
"929",10080,1994,0.0555611400883367,0.0555611400883367
"930",10080,1995,-0.17105264926937,-0.17105264926937
"931",10080,1996,-0.174601585340731,-0.174601585340731
"932",10080,1997,-0.163464171015132,-0.163464171015132
"933",10080,1998,-0.0804588770318385,-0.0804588770318385
"934",10080,1999,-0.400000491350357,-0.400000491350357
"935",10080,2000,-0.166668382428393,-0.166668382428393
"936",10080,2001,0.68799500358195,0.68799500358195
"937",10080,2002,0.210897175243956,0.210897175243956
"938",10080,2003,-0.178084869637847,-0.178084869637847
"939",10082,1983,-0.318181328267635,-0.318181328267635
"940",10082,1984,-0.333335624715603,-0.333335624715603
"941",10082,1985,0.949992457883379,0.949992457883379
"942",10082,1986,-0.423079632923636,-0.423079632923636
"943",10082,1987,-0.666667113900157,-0.666667113900157
"944",10082,1988,2.26666888343565,2.26666888343565
"945",10082,1989,0.37755074110925,0.37755074110925
"946",10082,1990,-0.37777757781375,-0.37777757781375
"947",10082,1991,0.0595209582169816,0.0595209582169816
"948",10082,1992,-0.0999984796139797,-0.0999984796139797
"949",10082,1993,3.00000862800067,3.00000862800067
"950",10082,1994,-0.416666661183843,-0.416666661183843
"951",10082,1995,1.19999728630901,1.19999728630901
"952",10083,1986,-0.28229212024016,-0.28229212024016
"953",10083,1987,-0.413336625215833,-0.413336625215833
"954",10083,1988,-0.431819235924701,-0.431819235924701
"955",10083,1989,-0.0310014668777293,-0.0310014668777293
"956",10083,1990,-0.934210564314534,-0.934210564314534
"957",10083,1991,0.999998479276786,0.999998479276786
"958",10083,1992,0.10000029270201,0.10000029270201
"959",10083,1993,-0.727272974586441,-0.727272974586441
"960",10084,1986,-0.318843908821324,-0.318843908821324
"961",10084,1987,-0.734043366966985,-0.734043366966985
"962",10084,1988,0.359998566336396,0.359998566336396
"963",10084,1989,1.38086103194097,1.38086103194097
"964",10084,1990,-0.714286895399586,-0.714286895399586
"965",10084,1991,-0.0909019704524642,-0.0909019704524642
"966",10084,1992,-0.29999273314297,-0.29999273314297
"967",10084,1993,-0.357144090487813,-0.357144090487813
"968",10084,1994,0.0555566514000521,0.0555566514000521
"969",10085,1986,0.0399963603314684,0.0399963603314684
"970",10085,1987,-0.474361466573481,-0.474361466573481
"971",10085,1988,0.566795751652726,0.566795751652726
"972",10085,1989,2.52262436902448,2.52262436902448
"973",10085,1990,0.153222217808941,0.153222217808941
"974",10085,1991,0.461543129028836,0.461543129028836
"975",10085,1992,0.511970349181904,0.511970349181904
"976",10085,1993,0.291137996596218,0.291137996596218
"977",10085,1994,0.333334370296736,0.333334370296736
"978",10085,1995,1.22058962446264,1.22058962446264
"979",10085,1996,0.721850029125639,0.721850029125639
"980",10085,1997,0.0730712396439717,0.0730712396439717
"981",10085,1998,-0.297491093384611,-0.297491093384611
"982",10085,1999,-0.568877655368702,-0.568877655368702
"983",10085,2000,-0.43787032422227,-0.43787032422227
"984",10085,2001,1.27365674177018,1.27365674177018
"985",10085,2002,0.151851928324933,0.151851928324933
"986",10085,2003,-0.14597986331731,-0.14597986331731
"987",10085,2004,1.57559322999012,1.57559322999012
"988",10085,2005,0.0731910957186035,0.0731910957186035
"989",10085,2006,0.0419577810367038,0.0419577810367038
"990",10086,1986,0.0976830083805973,0.0976830083805973
"991",10086,1987,-0.0364436264135798,-0.0364436264135798
"992",10086,1988,0.0988113798164814,0.0988113798164814
"993",10086,1989,0.0156306410601126,0.0156306410601126
"994",10086,1990,-0.286839258396119,-0.286839258396119
"995",10086,1991,0.542928835865779,0.542928835865779
"996",10086,1992,0.253679046585838,0.253679046585838
"997",10086,1993,0.947721431154428,0.947721431154428
"998",10086,1994,0.0956722273017323,0.0956722273017323
"999",10087,1986,-0.51685396745388,-0.51685396745388
"1000",10087,1987,-0.441858877714223,-0.441858877714223
"1001",10087,1988,0.708324344561927,0.708324344561927
"1002",10087,1989,1.47093365078975,1.47093365078975
"1003",10087,1990,-0.0647562899248115,-0.0647562899248115
"1004",10087,1991,0.41205228685757,0.41205228685757
"1005",10087,1992,-0.237464461996284,-0.237464461996284
"1006",10087,1993,0.366494713252872,0.366494713252872
"1007",10087,1994,0.0413982106587789,0.0413982106587789
"1008",10087,1995,-0.320949904092127,-0.320949904092127
"1009",10087,1996,0.786102738418936,0.786102738418936
"1010",10087,1997,-0.529261468875816,-0.529261468875816
"1011",10087,1998,-0.196983573498466,-0.196983573498466
"1012",10087,1999,-0.586508866198377,-0.586508866198377
"1013",10087,2000,2.18572688099537,2.18572688099537
"1014",10088,1986,-0.317071286509242,-0.317071286509242
"1015",10088,1987,-0.749999911495847,-0.749999911495847
"1016",10088,1988,-0.285714,-0.285714
"1017",10089,1986,-0.629921341239624,-0.629921341239624
"1018",10089,1987,-0.46808306523857,-0.46808306523857
"1019",10089,1988,-0.199999584564021,-0.199999584564021
"1020",10089,1989,0.850001567126123,0.850001567126123
"1021",10089,1990,-0.770270936697583,-0.770270936697583
"1022",10089,1991,0.999990576018597,0.999990576018597
"1023",10089,1992,-0.147058210275224,-0.147058210275224
"1024",10089,1993,0.517225516966965,0.517225516966965
"1025",10089,1994,0.954541211166641,0.954541211166641
"1026",10089,1995,0.465118158244869,0.465118158244869
"1027",10089,1996,-0.507938201303488,-0.507938201303488
"1028",10089,1997,-2.37174606620982e-07,-2.37174606620982e-07
"1029",10089,1998,-0.604838591615113,-0.604838591615113
"1030",10089,1999,2.91835739657961,2.91835739657961
"1031",10089,2000,0.479183244618967,0.479183244618967
"1032",10089,2001,-0.549296283009627,-0.549296283009627
"1033",10089,2002,-0.745000367722233,-0.745000367722233
"1034",10089,2003,0.245091244453091,0.245091244453091
"1035",10089,2004,-0.314962425919227,-0.314962425919227
"1036",10089,2005,-0.862069355848169,-0.862069355848169
"1037",10090,1986,-0.153848398987103,-0.153848398987103
"1038",10090,1987,-0.431820143820905,-0.431820143820905
"1039",10090,1988,-0.0399969132144183,-0.0399969132144183
"1040",10090,1989,-0.208335544651411,-0.208335544651411
"1041",10090,1990,-0.57899124546148,-0.57899124546148
"1042",10090,1991,1.50000258317427,1.50000258317427
"1043",10090,1992,-0.566668052786978,-0.566668052786978
"1044",10090,1993,3.61542182803748,3.61542182803748
"1045",10090,1994,-0.716665419227199,-0.716665419227199
"1046",10090,1995,1.73530289290626,1.73530289290626
"1047",10091,1986,-0.254388005863247,-0.254388005863247
"1048",10091,1987,0.364706505628608,0.364706505628608
"1049",10091,1988,1.36208465076346,1.36208465076346
"1050",10091,1989,-0.00730057721179833,-0.00730057721179833
"1051",10092,1986,-0.372549486601097,-0.372549486601097
"1052",10092,1987,-0.0937512494101198,-0.0937512494101198
"1053",10092,1988,-0.0344830916456176,-0.0344830916456176
"1054",10092,1989,-0.0357183352181902,-0.0357183352181902
"1055",10092,1990,-0.444448162921804,-0.444448162921804
"1056",10092,1991,0.799992963129126,0.799992963129126
"1057",10092,1992,0.740740897603876,0.740740897603876
"1058",10092,1993,0.787238510137662,0.787238510137662
"1059",10092,1994,-0.654762393567272,-0.654762393567272
"1060",10092,1995,-0.310343882282143,-0.310343882282143
"1061",10092,1996,-0.600004291566923,-0.600004291566923
"1062",10092,1997,1.74999732059855,1.74999732059855
"1063",10092,1998,2.99999407144837,2.99999407144837
"1064",10092,1999,6.63640914821255,6.63640914821255
"1065",10092,2000,-0.680803852662157,-0.680803852662157
"1066",10092,2001,1.24111766436781,1.24111766436781
"1067",10092,2002,0.102342996355425,0.102342996355425
"1068",10092,2003,0.178440280482816,0.178440280482816
"1069",10092,2004,-0.192161699774781,-0.192161699774781
"1070",10092,2005,-0.253569976230964,-0.253569976230964
"1071",10092,2006,0.161248132264371,0.161248132264371
"1072",10092,2007,-0.278261485107023,-0.278261485107023
"1073",10092,2008,-0.850949162854323,-0.850949162854323
"1074",10092,2009,-0.188781274402999,-0.188781274402999
"1075",10092,2010,-0.540503847211308,-0.540503847211308
"1076",10093,1986,-0.467253609797255,-0.467253609797255
"1077",10093,1987,-0.340455238090344,-0.340455238090344
"1078",10093,1988,-0.186668203271045,-0.186668203271045
"1079",10093,1989,-0.656249782933004,-0.656249782933004
"1080",10093,1990,-0.818181691006451,-0.818181691006451
"1081",10094,1986,-0.126981101658289,-0.126981101658289
"1082",10094,1987,-0.0318139938888975,-0.0318139938888975
"1083",10094,1988,-0.154928776914105,-0.154928776914105
"1084",10094,1989,0.816670113839858,0.816670113839858
"1085",10094,1990,-0.247705568606377,-0.247705568606377
"1086",10094,1991,1.92682374100439,1.92682374100439
"1087",10094,1992,-0.308335743652156,-0.308335743652156
"1088",10094,1993,-0.469882095893681,-0.469882095893681
"1089",10094,1994,0.0681868491454951,0.0681868491454951
"1090",10094,1995,-0.063832554299893,-0.063832554299893
"1091",10094,1996,2.88634903910547,2.88634903910547
"1092",10094,1997,0.732447723156305,0.732447723156305
"1093",10095,1986,-0.268819408613565,-0.268819408613565
"1094",10095,1987,-0.0588246165626168,-0.0588246165626168
"1095",10095,1988,-0.406249338825336,-0.406249338825336
"1096",10095,1989,1.73684413890376,1.73684413890376
"1097",10095,1990,0.326919932132162,0.326919932132162
"1098",10095,1991,4.95659209285085,4.95659209285085
"1099",10095,1992,-0.0620535893092148,-0.0620535893092148
"1100",10095,1993,-0.822956662524091,-0.822956662524091
"1101",10095,1994,-0.189558917227367,-0.189558917227367
"1102",10096,1986,-4.30019906483281e-06,-4.30019906483281e-06
"1103",10096,1987,-0.164001406991401,-0.164001406991401
"1104",10096,1988,-0.208767503213577,-0.208767503213577
"1105",10096,1989,0.707310902117456,0.707310902117456
"1106",10096,1990,0.057142991432555,0.057142991432555
"1107",10097,1986,-0.583334983349105,-0.583334983349105
"1108",10097,1987,-0.900000014813679,-0.900000014813679
"1109",10097,1988,0.9999995,0.9999995
"1110",10097,1989,0,0
"1111",10097,1990,0,0
"1112",10097,1991,-0.522729661745647,-0.522729661745647
"1113",10097,1992,0.904764052181697,0.904764052181697
"1114",10097,1993,1.49999607510086,1.49999607510086
"1115",10097,1994,0.182763930636926,0.182763930636926
"1116",10097,1995,0.867077167855227,0.867077167855227
"1117",10097,1996,0.407774041347386,0.407774041347386
"1118",10098,1986,-0.606986720317636,-0.606986720317636
"1119",10098,1987,-0.399999686856505,-0.399999686856505
"1120",10098,1988,1.25924895823351,1.25924895823351
"1121",10098,1989,0.0983612041997695,0.0983612041997695
"1122",10099,1986,-0.152175945436163,-0.152175945436163
"1123",10099,1987,-0.212287471961462,-0.212287471961462
